{
    "CameraPosition": {
        "x": -0.07737494260072708,
        "y": 0.2651187777519226,
        "z": -0.19333258271217347
    },
    "CameraRotation": {
        "x": 0.349161297082901,
        "y": 0.0637383684515953,
        "z": -0.0337962843477726,
        "w": 0.9342813491821289
    },
    "CameraFov": 35.33525848388672,
    "CameraAspect": 2.1666667461395265,
    "CameraPixelWidth": 2340,
    "CameraPixelHeight": 1080
}