{"CameraPosition":{"x":-2.228156566619873,"y":0.11013516783714295,"z":-2.4705307483673097},"CameraRotation":{"x":0.12786827981472016,"y":-0.09910081326961518,"z":0.01703202724456787,"w":0.9866806268692017},"CameraFov":33.3018913269043,"CameraAspect":2.1666667461395265,"CameraPixelWidth":2340,"CameraPixelHeight":1080,"LightColor":{"r":1.0,"g":0.9379889369010925,"b":0.7688679099082947,"a":1.0},"LightIntensity":1.0,"LightPosition":{"x":0.0,"y":3.0,"z":0.0},"LightRotation":{"x":0.4082178771495819,"y":-0.23456968367099763,"z":0.10938163101673126,"w":0.8754261136054993}}