{
    "CameraPosition": {
        "x": 0.5930220484733582,
        "y": 0.1266135573387146,
        "z": -2.7754833698272707
    },
    "CameraRotation": {
        "x": 0.10953553766012192,
        "y": -0.2650221586227417,
        "z": 0.04973148554563522,
        "w": 0.9567089676856995
    },
    "CameraFov": 33.737674713134769,
    "CameraAspect": 2.1666667461395265,
    "CameraPixelWidth": 2340,
    "CameraPixelHeight": 1080
}